"110","0"
"405","0"
"538","0"
"539","0"
"540","0"
"541","0"
"542","0"
"543","0"
"544","0"
"839","0"
"840","0"
"841","0"
"842","0"
"843","0"
"844","0"
"845","0"
"846","0"
"847","0"
"848","0"
"849","0"
"850","0"
"851","0"
"852","0"
"853","0"
"854","0"
"855","0"
"856","0"
"894","0"
"895","0"
"896","0"
"897","0"
"898","0"
"899","0"
"900","0"
"901","0"
"1117","0"
"1118","0"
"1119","0"
"1120","0"
"1121","0"
"1122","0"
"1123","0"
"1124","0"
"1125","0"
"1126","0"
"1366","0"
"1395","0"
"1396","0"
"1397","0"
"1421","0"
"1422","0"
